index,kmer
0,AAAAA
1,AAAAC
2,AAAAG
3,AAAAT
4,AAACA
5,AAACC
6,AAACG
7,AAACT
8,AAAGA
9,AAAGC
10,AAAGG
11,AAAGT
12,AAATA
13,AAATC
14,AAATG
15,AAATT
16,AACAA
17,AACAC
18,AACAG
19,AACAT
20,AACCA
21,AACCC
22,AACCG
23,AACCT
24,AACGA
25,AACGC
26,AACGG
27,AACGT
28,AACTA
29,AACTC
30,AACTG
31,AACTT
32,AAGAA
33,AAGAC
34,AAGAG
35,AAGAT
36,AAGCA
37,AAGCC
38,AAGCG
39,AAGCT
40,AAGGA
41,AAGGC
42,AAGGG
43,AAGGT
44,AAGTA
45,AAGTC
46,AAGTG
47,AAGTT
48,AATAA
49,AATAC
50,AATAG
51,AATAT
52,AATCA
53,AATCC
54,AATCG
55,AATCT
56,AATGA
57,AATGC
58,AATGG
59,AATGT
60,AATTA
61,AATTC
62,AATTG
63,AATTT
64,ACAAA
65,ACAAC
66,ACAAG
67,ACAAT
68,ACACA
69,ACACC
70,ACACG
71,ACACT
72,ACAGA
73,ACAGC
74,ACAGG
75,ACAGT
76,ACATA
77,ACATC
78,ACATG
79,ACATT
80,ACCAA
81,ACCAC
82,ACCAG
83,ACCAT
84,ACCCA
85,ACCCC
86,ACCCG
87,ACCCT
88,ACCGA
89,ACCGC
90,ACCGG
91,ACCGT
92,ACCTA
93,ACCTC
94,ACCTG
95,ACCTT
96,ACGAA
97,ACGAC
98,ACGAG
99,ACGAT
100,ACGCA
101,ACGCC
102,ACGCG
103,ACGCT
104,ACGGA
105,ACGGC
106,ACGGG
107,ACGGT
108,ACGTA
109,ACGTC
110,ACGTG
111,ACGTT
112,ACTAA
113,ACTAC
114,ACTAG
115,ACTAT
116,ACTCA
117,ACTCC
118,ACTCG
119,ACTCT
120,ACTGA
121,ACTGC
122,ACTGG
123,ACTGT
124,ACTTA
125,ACTTC
126,ACTTG
127,ACTTT
128,AGAAA
129,AGAAC
130,AGAAG
131,AGAAT
132,AGACA
133,AGACC
134,AGACG
135,AGACT
136,AGAGA
137,AGAGC
138,AGAGG
139,AGAGT
140,AGATA
141,AGATC
142,AGATG
143,AGATT
144,AGCAA
145,AGCAC
146,AGCAG
147,AGCAT
148,AGCCA
149,AGCCC
150,AGCCG
151,AGCCT
152,AGCGA
153,AGCGC
154,AGCGG
155,AGCGT
156,AGCTA
157,AGCTC
158,AGCTG
159,AGCTT
160,AGGAA
161,AGGAC
162,AGGAG
163,AGGAT
164,AGGCA
165,AGGCC
166,AGGCG
167,AGGCT
168,AGGGA
169,AGGGC
170,AGGGG
171,AGGGT
172,AGGTA
173,AGGTC
174,AGGTG
175,AGGTT
176,AGTAA
177,AGTAC
178,AGTAG
179,AGTAT
180,AGTCA
181,AGTCC
182,AGTCG
183,AGTCT
184,AGTGA
185,AGTGC
186,AGTGG
187,AGTGT
188,AGTTA
189,AGTTC
190,AGTTG
191,AGTTT
192,ATAAA
193,ATAAC
194,ATAAG
195,ATAAT
196,ATACA
197,ATACC
198,ATACG
199,ATACT
200,ATAGA
201,ATAGC
202,ATAGG
203,ATAGT
204,ATATA
205,ATATC
206,ATATG
207,ATATT
208,ATCAA
209,ATCAC
210,ATCAG
211,ATCAT
212,ATCCA
213,ATCCC
214,ATCCG
215,ATCCT
216,ATCGA
217,ATCGC
218,ATCGG
219,ATCGT
220,ATCTA
221,ATCTC
222,ATCTG
223,ATCTT
224,ATGAA
225,ATGAC
226,ATGAG
227,ATGAT
228,ATGCA
229,ATGCC
230,ATGCG
231,ATGCT
232,ATGGA
233,ATGGC
234,ATGGG
235,ATGGT
236,ATGTA
237,ATGTC
238,ATGTG
239,ATGTT
240,ATTAA
241,ATTAC
242,ATTAG
243,ATTAT
244,ATTCA
245,ATTCC
246,ATTCG
247,ATTCT
248,ATTGA
249,ATTGC
250,ATTGG
251,ATTGT
252,ATTTA
253,ATTTC
254,ATTTG
255,ATTTT
256,CAAAA
257,CAAAC
258,CAAAG
259,CAAAT
260,CAACA
261,CAACC
262,CAACG
263,CAACT
264,CAAGA
265,CAAGC
266,CAAGG
267,CAAGT
268,CAATA
269,CAATC
270,CAATG
271,CAATT
272,CACAA
273,CACAC
274,CACAG
275,CACAT
276,CACCA
277,CACCC
278,CACCG
279,CACCT
280,CACGA
281,CACGC
282,CACGG
283,CACGT
284,CACTA
285,CACTC
286,CACTG
287,CACTT
288,CAGAA
289,CAGAC
290,CAGAG
291,CAGAT
292,CAGCA
293,CAGCC
294,CAGCG
295,CAGCT
296,CAGGA
297,CAGGC
298,CAGGG
299,CAGGT
300,CAGTA
301,CAGTC
302,CAGTG
303,CAGTT
304,CATAA
305,CATAC
306,CATAG
307,CATAT
308,CATCA
309,CATCC
310,CATCG
311,CATCT
312,CATGA
313,CATGC
314,CATGG
315,CATGT
316,CATTA
317,CATTC
318,CATTG
319,CATTT
320,CCAAA
321,CCAAC
322,CCAAG
323,CCAAT
324,CCACA
325,CCACC
326,CCACG
327,CCACT
328,CCAGA
329,CCAGC
330,CCAGG
331,CCAGT
332,CCATA
333,CCATC
334,CCATG
335,CCATT
336,CCCAA
337,CCCAC
338,CCCAG
339,CCCAT
340,CCCCA
341,CCCCC
342,CCCCG
343,CCCCT
344,CCCGA
345,CCCGC
346,CCCGG
347,CCCGT
348,CCCTA
349,CCCTC
350,CCCTG
351,CCCTT
352,CCGAA
353,CCGAC
354,CCGAG
355,CCGAT
356,CCGCA
357,CCGCC
358,CCGCG
359,CCGCT
360,CCGGA
361,CCGGC
362,CCGGG
363,CCGGT
364,CCGTA
365,CCGTC
366,CCGTG
367,CCGTT
368,CCTAA
369,CCTAC
370,CCTAG
371,CCTAT
372,CCTCA
373,CCTCC
374,CCTCG
375,CCTCT
376,CCTGA
377,CCTGC
378,CCTGG
379,CCTGT
380,CCTTA
381,CCTTC
382,CCTTG
383,CCTTT
384,CGAAA
385,CGAAC
386,CGAAG
387,CGAAT
388,CGACA
389,CGACC
390,CGACG
391,CGACT
392,CGAGA
393,CGAGC
394,CGAGG
395,CGAGT
396,CGATA
397,CGATC
398,CGATG
399,CGATT
400,CGCAA
401,CGCAC
402,CGCAG
403,CGCAT
404,CGCCA
405,CGCCC
406,CGCCG
407,CGCCT
408,CGCGA
409,CGCGC
410,CGCGG
411,CGCGT
412,CGCTA
413,CGCTC
414,CGCTG
415,CGCTT
416,CGGAA
417,CGGAC
418,CGGAG
419,CGGAT
420,CGGCA
421,CGGCC
422,CGGCG
423,CGGCT
424,CGGGA
425,CGGGC
426,CGGGG
427,CGGGT
428,CGGTA
429,CGGTC
430,CGGTG
431,CGGTT
432,CGTAA
433,CGTAC
434,CGTAG
435,CGTAT
436,CGTCA
437,CGTCC
438,CGTCG
439,CGTCT
440,CGTGA
441,CGTGC
442,CGTGG
443,CGTGT
444,CGTTA
445,CGTTC
446,CGTTG
447,CGTTT
448,CTAAA
449,CTAAC
450,CTAAG
451,CTAAT
452,CTACA
453,CTACC
454,CTACG
455,CTACT
456,CTAGA
457,CTAGC
458,CTAGG
459,CTAGT
460,CTATA
461,CTATC
462,CTATG
463,CTATT
464,CTCAA
465,CTCAC
466,CTCAG
467,CTCAT
468,CTCCA
469,CTCCC
470,CTCCG
471,CTCCT
472,CTCGA
473,CTCGC
474,CTCGG
475,CTCGT
476,CTCTA
477,CTCTC
478,CTCTG
479,CTCTT
480,CTGAA
481,CTGAC
482,CTGAG
483,CTGAT
484,CTGCA
485,CTGCC
486,CTGCG
487,CTGCT
488,CTGGA
489,CTGGC
490,CTGGG
491,CTGGT
492,CTGTA
493,CTGTC
494,CTGTG
495,CTGTT
496,CTTAA
497,CTTAC
498,CTTAG
499,CTTAT
500,CTTCA
501,CTTCC
502,CTTCG
503,CTTCT
504,CTTGA
505,CTTGC
506,CTTGG
507,CTTGT
508,CTTTA
509,CTTTC
510,CTTTG
511,CTTTT
512,GAAAA
513,GAAAC
514,GAAAG
515,GAAAT
516,GAACA
517,GAACC
518,GAACG
519,GAACT
520,GAAGA
521,GAAGC
522,GAAGG
523,GAAGT
524,GAATA
525,GAATC
526,GAATG
527,GAATT
528,GACAA
529,GACAC
530,GACAG
531,GACAT
532,GACCA
533,GACCC
534,GACCG
535,GACCT
536,GACGA
537,GACGC
538,GACGG
539,GACGT
540,GACTA
541,GACTC
542,GACTG
543,GACTT
544,GAGAA
545,GAGAC
546,GAGAG
547,GAGAT
548,GAGCA
549,GAGCC
550,GAGCG
551,GAGCT
552,GAGGA
553,GAGGC
554,GAGGG
555,GAGGT
556,GAGTA
557,GAGTC
558,GAGTG
559,GAGTT
560,GATAA
561,GATAC
562,GATAG
563,GATAT
564,GATCA
565,GATCC
566,GATCG
567,GATCT
568,GATGA
569,GATGC
570,GATGG
571,GATGT
572,GATTA
573,GATTC
574,GATTG
575,GATTT
576,GCAAA
577,GCAAC
578,GCAAG
579,GCAAT
580,GCACA
581,GCACC
582,GCACG
583,GCACT
584,GCAGA
585,GCAGC
586,GCAGG
587,GCAGT
588,GCATA
589,GCATC
590,GCATG
591,GCATT
592,GCCAA
593,GCCAC
594,GCCAG
595,GCCAT
596,GCCCA
597,GCCCC
598,GCCCG
599,GCCCT
600,GCCGA
601,GCCGC
602,GCCGG
603,GCCGT
604,GCCTA
605,GCCTC
606,GCCTG
607,GCCTT
608,GCGAA
609,GCGAC
610,GCGAG
611,GCGAT
612,GCGCA
613,GCGCC
614,GCGCG
615,GCGCT
616,GCGGA
617,GCGGC
618,GCGGG
619,GCGGT
620,GCGTA
621,GCGTC
622,GCGTG
623,GCGTT
624,GCTAA
625,GCTAC
626,GCTAG
627,GCTAT
628,GCTCA
629,GCTCC
630,GCTCG
631,GCTCT
632,GCTGA
633,GCTGC
634,GCTGG
635,GCTGT
636,GCTTA
637,GCTTC
638,GCTTG
639,GCTTT
640,GGAAA
641,GGAAC
642,GGAAG
643,GGAAT
644,GGACA
645,GGACC
646,GGACG
647,GGACT
648,GGAGA
649,GGAGC
650,GGAGG
651,GGAGT
652,GGATA
653,GGATC
654,GGATG
655,GGATT
656,GGCAA
657,GGCAC
658,GGCAG
659,GGCAT
660,GGCCA
661,GGCCC
662,GGCCG
663,GGCCT
664,GGCGA
665,GGCGC
666,GGCGG
667,GGCGT
668,GGCTA
669,GGCTC
670,GGCTG
671,GGCTT
672,GGGAA
673,GGGAC
674,GGGAG
675,GGGAT
676,GGGCA
677,GGGCC
678,GGGCG
679,GGGCT
680,GGGGA
681,GGGGC
682,GGGGG
683,GGGGT
684,GGGTA
685,GGGTC
686,GGGTG
687,GGGTT
688,GGTAA
689,GGTAC
690,GGTAG
691,GGTAT
692,GGTCA
693,GGTCC
694,GGTCG
695,GGTCT
696,GGTGA
697,GGTGC
698,GGTGG
699,GGTGT
700,GGTTA
701,GGTTC
702,GGTTG
703,GGTTT
704,GTAAA
705,GTAAC
706,GTAAG
707,GTAAT
708,GTACA
709,GTACC
710,GTACG
711,GTACT
712,GTAGA
713,GTAGC
714,GTAGG
715,GTAGT
716,GTATA
717,GTATC
718,GTATG
719,GTATT
720,GTCAA
721,GTCAC
722,GTCAG
723,GTCAT
724,GTCCA
725,GTCCC
726,GTCCG
727,GTCCT
728,GTCGA
729,GTCGC
730,GTCGG
731,GTCGT
732,GTCTA
733,GTCTC
734,GTCTG
735,GTCTT
736,GTGAA
737,GTGAC
738,GTGAG
739,GTGAT
740,GTGCA
741,GTGCC
742,GTGCG
743,GTGCT
744,GTGGA
745,GTGGC
746,GTGGG
747,GTGGT
748,GTGTA
749,GTGTC
750,GTGTG
751,GTGTT
752,GTTAA
753,GTTAC
754,GTTAG
755,GTTAT
756,GTTCA
757,GTTCC
758,GTTCG
759,GTTCT
760,GTTGA
761,GTTGC
762,GTTGG
763,GTTGT
764,GTTTA
765,GTTTC
766,GTTTG
767,GTTTT
768,NNNNN
769,TAAAA
770,TAAAC
771,TAAAG
772,TAAAT
773,TAACA
774,TAACC
775,TAACG
776,TAACT
777,TAAGA
778,TAAGC
779,TAAGG
780,TAAGT
781,TAATA
782,TAATC
783,TAATG
784,TAATT
785,TACAA
786,TACAC
787,TACAG
788,TACAT
789,TACCA
790,TACCC
791,TACCG
792,TACCT
793,TACGA
794,TACGC
795,TACGG
796,TACGT
797,TACTA
798,TACTC
799,TACTG
800,TACTT
801,TAGAA
802,TAGAC
803,TAGAG
804,TAGAT
805,TAGCA
806,TAGCC
807,TAGCG
808,TAGCT
809,TAGGA
810,TAGGC
811,TAGGG
812,TAGGT
813,TAGTA
814,TAGTC
815,TAGTG
816,TAGTT
817,TATAA
818,TATAC
819,TATAG
820,TATAT
821,TATCA
822,TATCC
823,TATCG
824,TATCT
825,TATGA
826,TATGC
827,TATGG
828,TATGT
829,TATTA
830,TATTC
831,TATTG
832,TATTT
833,TCAAA
834,TCAAC
835,TCAAG
836,TCAAT
837,TCACA
838,TCACC
839,TCACG
840,TCACT
841,TCAGA
842,TCAGC
843,TCAGG
844,TCAGT
845,TCATA
846,TCATC
847,TCATG
848,TCATT
849,TCCAA
850,TCCAC
851,TCCAG
852,TCCAT
853,TCCCA
854,TCCCC
855,TCCCG
856,TCCCT
857,TCCGA
858,TCCGC
859,TCCGG
860,TCCGT
861,TCCTA
862,TCCTC
863,TCCTG
864,TCCTT
865,TCGAA
866,TCGAC
867,TCGAG
868,TCGAT
869,TCGCA
870,TCGCC
871,TCGCG
872,TCGCT
873,TCGGA
874,TCGGC
875,TCGGG
876,TCGGT
877,TCGTA
878,TCGTC
879,TCGTG
880,TCGTT
881,TCTAA
882,TCTAC
883,TCTAG
884,TCTAT
885,TCTCA
886,TCTCC
887,TCTCG
888,TCTCT
889,TCTGA
890,TCTGC
891,TCTGG
892,TCTGT
893,TCTTA
894,TCTTC
895,TCTTG
896,TCTTT
897,TGAAA
898,TGAAC
899,TGAAG
900,TGAAT
901,TGACA
902,TGACC
903,TGACG
904,TGACT
905,TGAGA
906,TGAGC
907,TGAGG
908,TGAGT
909,TGATA
910,TGATC
911,TGATG
912,TGATT
913,TGCAA
914,TGCAC
915,TGCAG
916,TGCAT
917,TGCCA
918,TGCCC
919,TGCCG
920,TGCCT
921,TGCGA
922,TGCGC
923,TGCGG
924,TGCGT
925,TGCTA
926,TGCTC
927,TGCTG
928,TGCTT
929,TGGAA
930,TGGAC
931,TGGAG
932,TGGAT
933,TGGCA
934,TGGCC
935,TGGCG
936,TGGCT
937,TGGGA
938,TGGGC
939,TGGGG
940,TGGGT
941,TGGTA
942,TGGTC
943,TGGTG
944,TGGTT
945,TGTAA
946,TGTAC
947,TGTAG
948,TGTAT
949,TGTCA
950,TGTCC
951,TGTCG
952,TGTCT
953,TGTGA
954,TGTGC
955,TGTGG
956,TGTGT
957,TGTTA
958,TGTTC
959,TGTTG
960,TGTTT
961,TTAAA
962,TTAAC
963,TTAAG
964,TTAAT
965,TTACA
966,TTACC
967,TTACG
968,TTACT
969,TTAGA
970,TTAGC
971,TTAGG
972,TTAGT
973,TTATA
974,TTATC
975,TTATG
976,TTATT
977,TTCAA
978,TTCAC
979,TTCAG
980,TTCAT
981,TTCCA
982,TTCCC
983,TTCCG
984,TTCCT
985,TTCGA
986,TTCGC
987,TTCGG
988,TTCGT
989,TTCTA
990,TTCTC
991,TTCTG
992,TTCTT
993,TTGAA
994,TTGAC
995,TTGAG
996,TTGAT
997,TTGCA
998,TTGCC
999,TTGCG
1000,TTGCT
1001,TTGGA
1002,TTGGC
1003,TTGGG
1004,TTGGT
1005,TTGTA
1006,TTGTC
1007,TTGTG
1008,TTGTT
1009,TTTAA
1010,TTTAC
1011,TTTAG
1012,TTTAT
1013,TTTCA
1014,TTTCC
1015,TTTCG
1016,TTTCT
1017,TTTGA
1018,TTTGC
1019,TTTGG
1020,TTTGT
1021,TTTTA
1022,TTTTC
1023,TTTTG
1024,TTTTT
